Subject_ID,Site_ID,DOB,Sex,Race,Screening_Date,Informed_Consent_Date
OB1111,SITE-1001,5/3/1978,Male,White,2/2/2025,1/30/2025
OB1112,SITE-1001,11/15/1978,Male,White,1/23/2025,1/22/2025
OB1115,SITE-1001,9/9/1968,Female,Black or African American,2/21/2025,2/20/2025
OB1116,SITE-1001,9/16/1995,Male,Asian,4/26/2025,4/26/2025
OB1117,SITE-1001,11/6/1994,Female,Asian,2/24/2025,2/21/2025
OB1118,SITE-1001,8/17/1965,Female,Other,4/26/2025,4/26/2025
OB1120,SITE-1001,12/4/1960,Female,White,1/20/2025,1/18/2025
OB1122,SITE-1001,3/15/1976,Male,White,3/11/2025,3/10/2025
OB1125,SITE-1001,2/28/1971,Female,Other,3/24/2025,3/23/2025
OB1126,SITE-1001,6/25/1994,Male,Other,4/15/2025,4/15/2025
OB1128,SITE-1001,6/16/1965,Male,Asian,2/21/2025,2/19/2025
OB1129,SITE-1001,1/8/1988,Male,Asian,4/9/2025,4/6/2025
OB1132,SITE-1001,9/25/1999,Male,Asian,3/31/2025,3/28/2025
OB1133,SITE-1001,3/9/1968,Female,Asian,3/16/2025,3/15/2025
OB1134,SITE-1001,7/22/1984,Female,American Indian or Alaska Native,3/13/2025,3/10/2025
OB1136,SITE-1001,4/8/2009,Male,White,1/8/2025,1/7/2025
OB1140,SITE-1001,4/1/1966,Male,Asian,2/4/2025,2/4/2025
OB1142,SITE-1001,6/3/2001,Male,White,4/1/2025,3/29/2025
OB1143,SITE-1002,9/5/1990,Female,Asian,4/16/2025,4/13/2025
OB1144,SITE-1002,4/4/1977,Male,Black or African American,2/20/2025,2/17/2025
OB1146,SITE-1002,8/28/1977,Male,Asian,1/13/2025,1/10/2025
OB1147,SITE-1002,2/8/1982,Male,Asian,3/15/2025,3/12/2025
OB1148,SITE-1002,7/6/1995,Female,American Indian or Alaska Native,2/6/2025,2/6/2025
OB1149,SITE-1002,9/4/1975,Male,Other,4/23/2025,4/23/2025
OB1150,SITE-1002,4/6/1998,Female,American Indian or Alaska Native,3/8/2025,3/7/2025
OB1151,SITE-1002,1/6/1978,Female,Asian,2/24/2025,2/22/2025
OB1152,SITE-1002,5/14/1974,Female,Asian,1/30/2025,1/28/2025
OB1153,SITE-1002,1/19/1990,Male,White,1/13/2025,1/13/2025
OB1155,SITE-1002,8/17/1966,Male,Asian,3/12/2025,3/12/2025
OB1156,SITE-1002,2/20/1992,Male,Asian,2/26/2025,2/26/2025
OB1157,SITE-1002,4/19/1967,Male,Asian,2/28/2025,2/26/2025
OB1158,SITE-1002,4/22/1987,Female,Asian,2/8/2025,2/5/2025
OB1159,SITE-1002,11/21/1995,Female,American Indian or Alaska Native,2/15/2025,2/15/2025
OB1160,SITE-1002,8/20/2003,Male,Asian,3/15/2025,3/14/2025
OB1161,SITE-1003,5/5/1971,Female,Asian,4/28/2025,4/27/2025
OB1162,SITE-1003,5/6/1980,Female,Other,4/6/2025,4/4/2025
OB1165,SITE-1003,11/17/1964,Male,Other,2/13/2025,2/13/2025
OB1166,SITE-1003,5/4/1995,Male,Other,1/25/2025,1/23/2025
OB1168,SITE-1003,10/7/1985,Female,Asian,4/3/2025,4/1/2025
OB1169,SITE-1003,8/9/1971,Male,Asian,3/28/2025,3/25/2025
OB1170,SITE-1003,1/1/1986,Female,Asian,3/28/2025,4/2/2025
OB1171,SITE-1003,12/15/1993,Female,Other,1/7/2025,1/7/2025
OB1172,SITE-1003,12/5/1999,Male,White,3/21/2025,3/20/2025
OB1173,SITE-1003,3/2/1976,Female,White,4/17/2025,4/17/2025
OB1175,SITE-1003,4/22/1981,Male,Asian,2/20/2025,2/17/2025
OB1176,SITE-1003,12/5/1964,Male,Asian,4/18/2025,4/17/2025
OB1177,SITE-1003,1/6/1977,Female,Black or African American,4/18/2025,4/17/2025
OB1178,SITE-1003,3/26/1986,Male,Black or African American,4/27/2025,4/27/2025
OB1180,SITE-1004,4/7/1973,Female,White,2/14/2025,2/13/2025
OB1182,SITE-1004,1/22/1989,Male,Black or African American,2/17/2025,2/15/2025
OB1183,SITE-1004,5/12/1999,Female,Other,2/17/2025,2/17/2025
OB1184,SITE-1004,5/6/1996,Female,Asian,1/19/2025,1/16/2025
OB1186,SITE-1004,12/26/1981,Female,Black or African American,3/24/2025,3/24/2025
OB1188,SITE-1004,10/7/1979,Female,Asian,4/6/2025,4/3/2025
OB1189,SITE-1004,9/26/2003,Male,White,3/2/2025,3/2/2025
OB1193,SITE-1004,6/20/1961,Female,Asian,4/8/2025,4/6/2025
OB1196,SITE-1004,5/22/1971,Female,White,2/26/2025,2/24/2025
OB1199,SITE-1004,3/7/1968,Female,Black or African American,4/2/2025,4/1/2025
